fname,lname,dname
John,Smith,Research
Franklin,Wong,Research
Joyce,English,Research
Ramesh,Narayan,Research
James,Borg,Headquarters
Advait,Chavan,Research
Jennifer,Wallace,Administration
Ahmad,Jabbar,Administration
Alicia,Zelaya,Administration
