fname,ssn,super_ssn
Advait,987654312,123456789
John,123456789,333445555
Joyce,453453453,333445555
Ramesh,666884444,333445555
Franklin,333445555,888665555
Jennifer,987654321,888665555
Ahmad,987987987,987654321
Alicia,999887777,987654321
