ssn,fname,lname,dno,super_ssn
123456789,John,Smith,5,333445555
333445555,Franklin,Wong,5,888665555
453453453,Joyce,English,5,333445555
666884444,Ramesh,Narayan,5,333445555
888665555,James,Borg,1,333445555
987654312,Advait,Chavan,5,123456789
987654321,Jennifer,Wallace,4,888665555
987987987,Ahmad,Jabbar,4,987654321
999887777,Alicia,Zelaya,4,987654321
